transaction_id,timestamp,amount,payment_method,device_id,is_new_device,ip_country,billing_country,shipping_country,account_age_days,velocity_10min,avg_user_amount
TXN_00001,2026-08-01T10:02:00+00:00,297.58,netbanking,DEV_USER_63,False,IN,IN,IN,1131,0,319.12
TXN_00002,2026-08-01T10:04:00+00:00,8747.81,card,DEV_FRAUD_9,True,SG,IN,US,4,4,929.62
TXN_00003,2026-08-01T10:06:00+00:00,5640.47,wallet,DEV_USER_57,False,IN,IN,IN,28,0,6534.55
TXN_00004,2026-08-01T10:08:00+00:00,1328.29,netbanking,DEV_USER_27,True,IN,IN,,719,2,1078.06
TXN_00005,2026-08-01T10:10:00+00:00,35674.12,UPI,DEV_AMBIG_13,True,IN,IN,IN,20,2,2658.81
TXN_00006,2026-08-01T10:12:00+00:00,6907.48,card,DEV_USER_181,True,IN,IN,IN,607,0,8870.96
TXN_00007,2026-08-01T10:14:00+00:00,3103.0,wallet,DEV_USER_163,False,IN,IN,,742,0,3525.44
TXN_00008,2026-08-01T10:16:00+00:00,5500.03,UPI,DEV_USER_156,False,IN,IN,IN,516,0,5333.97
TXN_00009,2026-08-01T10:18:00+00:00,7410.59,card,DEV_USER_176,False,IN,IN,IN,129,0,9318.39
TXN_00010,2026-08-01T10:20:00+00:00,3269.2,UPI,DEV_USER_55,False,IN,IN,IN,659,0,3675.73
TXN_00011,2026-08-01T10:22:00+00:00,7324.93,wallet,DEV_USER_37,False,IN,IN,IN,1164,2,5934.61
TXN_00012,2026-08-01T10:24:00+00:00,7192.8,wallet,DEV_USER_93,False,IN,IN,IN,1058,1,4838.79
TXN_00013,2026-08-01T10:26:00+00:00,19934.21,UPI,DEV_AMBIG_14,True,IN,IN,IN,86,1,1769.53
TXN_00014,2026-08-01T10:28:00+00:00,3797.59,netbanking,DEV_USER_142,False,IN,IN,,249,2,4966.61
TXN_00015,2026-08-01T10:30:00+00:00,6171.93,netbanking,DEV_USER_29,False,IN,IN,,21,2,8027.72
TXN_00016,2026-08-01T10:32:00+00:00,4054.63,card,DEV_USER_130,False,IN,IN,IN,626,2,4079.49
TXN_00017,2026-08-01T10:34:00+00:00,3053.92,card,DEV_USER_139,False,IN,IN,IN,16,2,2624.31
TXN_00018,2026-08-01T10:36:00+00:00,42163.94,netbanking,DEV_FRAUD_4,True,SG,IN,US,0,7,1341.41
TXN_00019,2026-08-01T10:38:00+00:00,776.66,wallet,DEV_USER_18,False,IN,IN,IN,272,0,875.92
TXN_00020,2026-08-01T10:40:00+00:00,1404.5,wallet,DEV_USER_55,False,IN,IN,IN,426,2,1192.94
TXN_00021,2026-08-01T10:42:00+00:00,5234.04,wallet,DEV_USER_133,False,IN,IN,IN,146,1,3228.5
TXN_00022,2026-08-01T10:44:00+00:00,4748.68,UPI,DEV_USER_19,False,IN,IN,,153,0,6114.91
TXN_00023,2026-08-01T10:46:00+00:00,4380.05,wallet,DEV_GEO_7,False,AE,IN,,97,3,4774.3
TXN_00024,2026-08-01T10:48:00+00:00,3834.1,wallet,DEV_USER_105,False,IN,IN,,897,1,3599.69
TXN_00025,2026-08-01T10:50:00+00:00,5859.7,UPI,DEV_USER_16,False,IN,IN,IN,238,0,4413.95
TXN_00026,2026-08-01T10:52:00+00:00,1207.44,card,DEV_USER_72,False,IN,IN,IN,169,1,1504.97
TXN_00027,2026-08-01T10:54:00+00:00,873.48,UPI,DEV_USER_24,False,IN,IN,IN,355,1,863.45
TXN_00028,2026-08-01T10:56:00+00:00,3268.22,UPI,DEV_USER_43,False,IN,IN,IN,558,1,2706.74
TXN_00029,2026-08-01T10:58:00+00:00,5870.99,wallet,DEV_USER_40,False,IN,IN,IN,134,2,6978.2
TXN_00030,2026-08-01T11:00:00+00:00,29112.22,UPI,DEV_AMBIG_19,True,IN,IN,IN,71,1,1113.76
TXN_00031,2026-08-01T11:02:00+00:00,6825.61,UPI,DEV_USER_153,True,IN,IN,IN,841,0,9236.94
TXN_00032,2026-08-01T11:04:00+00:00,4673.46,UPI,DEV_USER_159,True,IN,IN,IN,1172,2,3986.91
TXN_00033,2026-08-01T11:06:00+00:00,5390.84,netbanking,DEV_USER_62,False,IN,IN,,629,1,4598.07
TXN_00034,2026-08-01T11:08:00+00:00,673.09,wallet,DEV_USER_160,False,IN,IN,IN,165,2,518.63
TXN_00035,2026-08-01T11:10:00+00:00,7472.75,UPI,DEV_USER_63,False,IN,IN,,1127,2,6292.16
TXN_00036,2026-08-01T11:12:00+00:00,6476.09,UPI,DEV_USER_171,False,IN,IN,IN,227,0,5255.82
TXN_00037,2026-08-01T11:14:00+00:00,5965.09,card,DEV_USER_70,False,IN,IN,IN,717,0,6859.84
TXN_00038,2026-08-01T11:16:00+00:00,4092.73,netbanking,DEV_USER_14,True,IN,IN,IN,581,0,2467.25
TXN_00039,2026-08-01T11:18:00+00:00,5133.2,netbanking,DEV_USER_42,False,IN,IN,IN,890,2,3119.63
TXN_00040,2026-08-01T11:20:00+00:00,10831.06,card,DEV_GEO_18,False,US,IN,,219,3,3433.84
TXN_00041,2026-08-01T11:22:00+00:00,430.45,netbanking,DEV_USER_11,False,IN,IN,IN,526,2,293.67
TXN_00042,2026-08-01T11:24:00+00:00,7084.66,wallet,DEV_USER_159,False,IN,IN,IN,499,0,9783.67
TXN_00043,2026-08-01T11:26:00+00:00,7063.19,UPI,DEV_USER_46,False,IN,IN,IN,858,2,9120.35
TXN_00044,2026-08-01T11:28:00+00:00,2207.77,UPI,DEV_USER_98,False,IN,IN,IN,470,0,2766.93
TXN_00045,2026-08-01T11:30:00+00:00,2511.01,card,DEV_USER_58,True,IN,IN,,687,1,3242.93
TXN_00046,2026-08-01T11:32:00+00:00,2305.09,wallet,DEV_USER_174,False,IN,IN,IN,71,0,3000.38
TXN_00047,2026-08-01T11:34:00+00:00,4686.66,netbanking,DEV_USER_10,False,IN,IN,IN,657,1,5084.87
TXN_00048,2026-08-01T11:36:00+00:00,3143.04,card,DEV_USER_66,True,IN,IN,IN,1079,2,3612.88
TXN_00049,2026-08-01T11:38:00+00:00,5922.6,card,DEV_USER_94,False,IN,IN,IN,691,2,5040.92
TXN_00050,2026-08-01T11:40:00+00:00,5786.06,netbanking,DEV_USER_130,False,IN,IN,IN,839,2,4840.18
TXN_00051,2026-08-01T11:42:00+00:00,26817.85,card,DEV_LEGIT_TRAVEL_13,True,US,IN,IN,946,4,18463.75
TXN_00052,2026-08-01T11:44:00+00:00,4428.7,UPI,DEV_USER_78,False,IN,IN,IN,674,1,4222.45
TXN_00053,2026-08-01T11:46:00+00:00,4138.27,card,DEV_USER_169,True,IN,IN,IN,701,0,5192.45
TXN_00054,2026-08-01T11:48:00+00:00,5415.09,card,DEV_USER_51,False,IN,IN,,988,2,6930.18
TXN_00055,2026-08-01T11:50:00+00:00,6144.41,card,DEV_GEO_13,False,GB,IN,,234,1,2016.5
TXN_00056,2026-08-01T11:52:00+00:00,7152.01,UPI,DEV_USER_200,False,IN,IN,,1075,1,4578.54
TXN_00057,2026-08-01T11:54:00+00:00,6801.86,wallet,DEV_USER_35,False,IN,IN,IN,1159,2,5807.69
TXN_00058,2026-08-01T11:56:00+00:00,3596.33,wallet,DEV_USER_141,False,IN,IN,,987,1,2903.51
TXN_00059,2026-08-01T11:58:00+00:00,5137.53,wallet,DEV_USER_161,False,IN,IN,IN,600,0,4199.27
TXN_00060,2026-08-01T12:00:00+00:00,4367.2,card,DEV_USER_39,False,IN,IN,IN,453,0,4069.77
TXN_00061,2026-08-01T12:02:00+00:00,3780.8,UPI,DEV_USER_53,False,IN,IN,IN,55,2,3419.0
TXN_00062,2026-08-01T12:04:00+00:00,19070.35,netbanking,DEV_FRAUD_7,True,SG,IN,US,4,12,1239.83
TXN_00063,2026-08-01T12:06:00+00:00,3957.01,netbanking,DEV_USER_112,False,IN,IN,IN,843,2,2896.67
TXN_00064,2026-08-01T12:08:00+00:00,1108.26,UPI,DEV_USER_101,False,IN,IN,IN,186,2,1044.97
TXN_00065,2026-08-01T12:10:00+00:00,1535.66,netbanking,DEV_USER_98,False,IN,IN,IN,706,1,1263.24
TXN_00066,2026-08-01T12:12:00+00:00,3430.36,UPI,DEV_USER_121,True,IN,IN,IN,731,0,3842.4
TXN_00067,2026-08-01T12:14:00+00:00,5248.86,UPI,DEV_USER_64,False,IN,IN,,327,0,3679.33
TXN_00068,2026-08-01T12:16:00+00:00,4555.36,card,DEV_USER_120,False,IN,IN,IN,358,2,4946.2
TXN_00069,2026-08-01T12:18:00+00:00,1004.81,card,DEV_USER_80,False,IN,IN,,653,2,1147.37
TXN_00070,2026-08-01T12:20:00+00:00,3233.57,card,DEV_USER_20,False,IN,IN,IN,512,0,3743.68
TXN_00071,2026-08-01T12:22:00+00:00,5505.65,UPI,DEV_USER_145,False,IN,IN,IN,892,2,4935.58
TXN_00072,2026-08-01T12:24:00+00:00,2795.73,wallet,DEV_USER_126,False,IN,IN,IN,956,2,2019.62
TXN_00073,2026-08-01T12:26:00+00:00,4221.8,netbanking,DEV_USER_158,False,IN,IN,IN,1005,1,4004.21
TXN_00074,2026-08-01T12:28:00+00:00,2220.32,card,DEV_USER_23,False,IN,IN,IN,966,2,2416.3
TXN_00075,2026-08-01T12:30:00+00:00,326.73,netbanking,DEV_USER_47,False,IN,IN,IN,544,1,269.14
TXN_00076,2026-08-01T12:32:00+00:00,7052.85,UPI,DEV_USER_133,False,IN,IN,,847,1,7364.17
TXN_00077,2026-08-01T12:34:00+00:00,3861.14,wallet,DEV_USER_115,False,IN,IN,,468,1,4453.55
TXN_00078,2026-08-01T12:36:00+00:00,4694.29,wallet,DEV_USER_142,False,IN,IN,IN,1142,1,4137.77
TXN_00079,2026-08-01T12:38:00+00:00,2522.32,card,DEV_USER_31,False,IN,IN,IN,1112,2,1887.0
TXN_00080,2026-08-01T12:40:00+00:00,3925.17,netbanking,DEV_USER_26,False,IN,IN,IN,754,0,3304.26
TXN_00081,2026-08-01T12:42:00+00:00,1100.01,UPI,DEV_USER_14,False,IN,IN,IN,273,2,1424.26
TXN_00082,2026-08-01T12:44:00+00:00,6994.49,netbanking,DEV_USER_121,False,IN,IN,IN,120,1,9462.5
TXN_00083,2026-08-01T12:46:00+00:00,6594.71,wallet,DEV_USER_126,True,IN,IN,IN,124,0,4743.96
TXN_00084,2026-08-01T12:48:00+00:00,2500.3,card,DEV_USER_31,False,IN,IN,IN,477,2,2261.03
TXN_00085,2026-08-01T12:50:00+00:00,2449.09,wallet,DEV_USER_79,False,IN,IN,,218,0,2695.01
TXN_00086,2026-08-01T12:52:00+00:00,741.38,card,DEV_USER_45,False,IN,IN,,851,1,853.7
TXN_00087,2026-08-01T12:54:00+00:00,357.85,netbanking,DEV_USER_181,False,IN,IN,IN,160,2,281.53
TXN_00088,2026-08-01T12:56:00+00:00,6350.86,card,DEV_USER_109,False,IN,IN,IN,320,1,8010.37
TXN_00089,2026-08-01T12:58:00+00:00,3659.23,netbanking,DEV_GEO_20,False,AE,IN,,321,2,3037.04
TXN_00090,2026-08-01T13:00:00+00:00,2502.32,wallet,DEV_USER_70,False,IN,IN,IN,179,2,1581.19
TXN_00091,2026-08-01T13:02:00+00:00,2646.34,netbanking,DEV_USER_7,True,IN,IN,IN,1193,2,3600.69
TXN_00092,2026-08-01T13:04:00+00:00,5411.02,netbanking,DEV_USER_148,True,IN,IN,IN,978,2,6066.88
TXN_00093,2026-08-01T13:06:00+00:00,1533.76,wallet,DEV_USER_163,False,IN,IN,IN,977,1,1421.3
TXN_00094,2026-08-01T13:08:00+00:00,926.34,card,DEV_USER_85,False,IN,IN,IN,835,2,583.0
TXN_00095,2026-08-01T13:10:00+00:00,4523.99,UPI,DEV_GEO_13,False,AE,IN,,30,3,4542.79
TXN_00096,2026-08-01T13:12:00+00:00,528.21,netbanking,DEV_USER_160,False,IN,IN,IN,120,0,429.78
TXN_00097,2026-08-01T13:14:00+00:00,21521.17,card,DEV_LEGIT_TRAVEL_29,True,US,IN,IN,676,3,8490.78
TXN_00098,2026-08-01T13:16:00+00:00,6414.58,card,DEV_USER_80,False,IN,IN,IN,205,0,8940.68
TXN_00099,2026-08-01T13:18:00+00:00,3745.44,UPI,DEV_USER_166,False,IN,IN,IN,612,2,4360.93
TXN_00100,2026-08-01T13:20:00+00:00,3911.75,wallet,DEV_USER_63,False,IN,IN,,405,2,3937.54
TXN_00101,2026-08-01T13:22:00+00:00,6925.81,netbanking,DEV_USER_198,False,IN,IN,IN,1054,1,8701.86
TXN_00102,2026-08-01T13:24:00+00:00,2458.59,wallet,DEV_USER_39,False,IN,IN,IN,695,2,2975.63
TXN_00103,2026-08-01T13:26:00+00:00,7469.53,card,DEV_USER_179,False,IN,IN,IN,856,0,6383.02
TXN_00104,2026-08-01T13:28:00+00:00,7316.1,wallet,DEV_USER_99,False,IN,IN,IN,326,1,10036.66
TXN_00105,2026-08-01T13:30:00+00:00,48614.14,card,DEV_LEGIT_TRAVEL_11,True,SG,IN,IN,630,3,16941.17
TXN_00106,2026-08-01T13:32:00+00:00,5807.31,wallet,DEV_USER_168,False,IN,IN,,557,1,6379.95
TXN_00107,2026-08-01T13:34:00+00:00,734.49,netbanking,DEV_USER_173,False,IN,IN,IN,663,2,863.01
TXN_00108,2026-08-01T13:36:00+00:00,6991.83,UPI,DEV_USER_159,True,IN,IN,IN,603,0,8372.11
TXN_00109,2026-08-01T13:38:00+00:00,877.7,UPI,DEV_USER_114,False,IN,IN,IN,74,0,754.38
TXN_00110,2026-08-01T13:40:00+00:00,31130.85,card,DEV_AMBIG_5,True,IN,IN,IN,41,2,2131.86
TXN_00111,2026-08-01T13:42:00+00:00,1442.87,UPI,DEV_USER_157,False,IN,IN,IN,508,1,1919.4
TXN_00112,2026-08-01T13:44:00+00:00,28446.0,card,DEV_LEGIT_TRAVEL_9,True,AE,IN,IN,441,3,23281.45
TXN_00113,2026-08-01T13:46:00+00:00,2372.29,card,DEV_USER_19,False,IN,IN,IN,627,2,3249.14
TXN_00114,2026-08-01T13:48:00+00:00,3709.0,netbanking,DEV_USER_51,False,IN,IN,IN,233,0,3356.98
TXN_00115,2026-08-01T13:50:00+00:00,2437.39,netbanking,DEV_USER_6,False,IN,IN,IN,577,0,2565.95
TXN_00116,2026-08-01T13:52:00+00:00,5982.88,UPI,DEV_USER_156,False,IN,IN,IN,601,0,6495.33
TXN_00117,2026-08-01T13:54:00+00:00,5129.28,netbanking,DEV_USER_174,False,IN,IN,IN,295,2,3476.27
TXN_00118,2026-08-01T13:56:00+00:00,411.44,wallet,DEV_USER_9,False,IN,IN,IN,199,1,354.4
TXN_00119,2026-08-01T13:58:00+00:00,1686.28,netbanking,DEV_USER_136,False,IN,IN,IN,351,1,2244.84
TXN_00120,2026-08-01T14:00:00+00:00,7742.33,netbanking,DEV_USER_192,False,IN,IN,IN,974,0,5517.23
TXN_00121,2026-08-01T14:02:00+00:00,6895.11,wallet,DEV_USER_143,False,IN,IN,IN,43,1,7096.85
TXN_00122,2026-08-01T14:04:00+00:00,5415.34,netbanking,DEV_USER_150,False,IN,IN,IN,775,0,6172.78
TXN_00123,2026-08-01T14:06:00+00:00,4994.42,netbanking,DEV_USER_157,False,IN,IN,,965,2,4204.06
TXN_00124,2026-08-01T14:08:00+00:00,1204.24,UPI,DEV_USER_78,False,IN,IN,,495,2,853.24
TXN_00125,2026-08-01T14:10:00+00:00,5396.84,wallet,DEV_USER_151,False,IN,IN,,864,2,3665.63
TXN_00126,2026-08-01T14:12:00+00:00,3324.12,netbanking,DEV_USER_9,False,IN,IN,IN,925,0,4269.37
TXN_00127,2026-08-01T14:14:00+00:00,8856.8,netbanking,DEV_GEO_2,False,GB,IN,,171,1,4888.72
TXN_00128,2026-08-01T14:16:00+00:00,6611.11,UPI,DEV_USER_170,False,IN,IN,IN,58,0,8127.93
TXN_00129,2026-08-01T14:18:00+00:00,1094.8,card,DEV_USER_18,False,IN,IN,IN,457,0,944.65
TXN_00130,2026-08-01T14:20:00+00:00,46021.24,card,DEV_LEGIT_TRAVEL_1,True,AE,IN,IN,328,4,17183.66
TXN_00131,2026-08-01T14:22:00+00:00,968.42,UPI,DEV_USER_34,True,IN,IN,IN,502,2,831.89
TXN_00132,2026-08-01T14:24:00+00:00,513.95,wallet,DEV_USER_135,False,IN,IN,,933,1,519.39
TXN_00133,2026-08-01T14:26:00+00:00,30153.55,card,DEV_LEGIT_TRAVEL_20,True,SG,IN,IN,924,5,15786.72
TXN_00134,2026-08-01T14:28:00+00:00,580.52,wallet,DEV_USER_103,False,IN,IN,,923,0,765.95
TXN_00135,2026-08-01T14:30:00+00:00,1271.84,card,DEV_USER_71,False,IN,IN,IN,680,1,1775.11
TXN_00136,2026-08-01T14:32:00+00:00,3684.35,wallet,DEV_USER_26,False,IN,IN,,1144,2,4761.63
TXN_00137,2026-08-01T14:34:00+00:00,7115.92,wallet,DEV_USER_87,False,IN,IN,IN,209,1,6699.01
TXN_00138,2026-08-01T14:36:00+00:00,3056.98,card,DEV_USER_176,False,IN,IN,,189,0,2890.38
TXN_00139,2026-08-01T14:38:00+00:00,3043.91,card,DEV_USER_143,True,IN,IN,IN,1165,1,3457.91
TXN_00140,2026-08-01T14:40:00+00:00,7001.5,wallet,DEV_USER_185,True,IN,IN,IN,654,1,4781.19
TXN_00141,2026-08-01T14:42:00+00:00,1322.37,wallet,DEV_USER_58,False,IN,IN,IN,1154,1,914.96
TXN_00142,2026-08-01T14:44:00+00:00,1886.66,wallet,DEV_USER_144,False,IN,IN,IN,1155,0,2051.17
TXN_00143,2026-08-01T14:46:00+00:00,5578.42,UPI,DEV_USER_47,False,IN,IN,IN,710,1,3374.3
TXN_00144,2026-08-01T14:48:00+00:00,4573.94,wallet,DEV_USER_18,False,IN,IN,IN,77,0,5474.5
TXN_00145,2026-08-01T14:50:00+00:00,3416.68,netbanking,DEV_USER_41,False,IN,IN,IN,1177,2,2282.22
TXN_00146,2026-08-01T14:52:00+00:00,22083.45,UPI,DEV_AMBIG_3,True,IN,IN,IN,44,2,2323.88
TXN_00147,2026-08-01T14:54:00+00:00,3592.15,netbanking,DEV_USER_56,False,IN,IN,,895,0,2969.26
TXN_00148,2026-08-01T14:56:00+00:00,3944.4,netbanking,DEV_USER_12,False,IN,IN,IN,127,0,3011.7
TXN_00149,2026-08-01T14:58:00+00:00,6162.06,netbanking,DEV_USER_75,False,IN,IN,,896,0,4334.08
TXN_00150,2026-08-01T15:00:00+00:00,1917.87,netbanking,DEV_USER_19,False,IN,IN,IN,908,0,1856.12
TXN_00151,2026-08-01T15:02:00+00:00,5130.61,wallet,DEV_GEO_19,False,GB,IN,,357,2,2513.3
TXN_00152,2026-08-01T15:04:00+00:00,7732.98,card,DEV_USER_159,False,IN,IN,IN,756,0,7341.45
TXN_00153,2026-08-01T15:06:00+00:00,27427.06,card,DEV_LEGIT_TRAVEL_13,True,US,IN,IN,260,6,22798.92
TXN_00154,2026-08-01T15:08:00+00:00,1850.42,card,DEV_USER_20,False,IN,IN,,1059,0,2451.32
TXN_00155,2026-08-01T15:10:00+00:00,5846.29,card,DEV_USER_61,False,IN,IN,IN,370,2,4222.75
TXN_00156,2026-08-01T15:12:00+00:00,695.29,wallet,DEV_USER_119,False,IN,IN,IN,934,2,931.22
TXN_00157,2026-08-01T15:14:00+00:00,5118.86,netbanking,DEV_USER_161,False,IN,IN,IN,975,1,5656.89
TXN_00158,2026-08-01T15:16:00+00:00,4772.22,netbanking,DEV_USER_130,True,IN,IN,IN,92,0,4271.09
TXN_00159,2026-08-01T15:18:00+00:00,5192.87,UPI,DEV_USER_158,False,IN,IN,IN,1150,2,6837.46
TXN_00160,2026-08-01T15:20:00+00:00,6497.55,card,DEV_USER_83,False,IN,IN,IN,141,1,4436.54
TXN_00161,2026-08-01T15:22:00+00:00,2813.16,UPI,DEV_USER_130,False,IN,IN,,911,1,2867.33
TXN_00162,2026-08-01T15:24:00+00:00,2974.79,netbanking,DEV_USER_100,False,IN,IN,IN,122,2,3325.35
TXN_00163,2026-08-01T15:26:00+00:00,19252.77,card,DEV_AMBIG_10,True,IN,IN,IN,42,1,1666.72
TXN_00164,2026-08-01T15:28:00+00:00,1217.28,netbanking,DEV_USER_80,False,IN,IN,IN,817,0,1309.83
TXN_00165,2026-08-01T15:30:00+00:00,2545.7,wallet,DEV_USER_165,False,IN,IN,IN,1093,0,2843.09
TXN_00166,2026-08-01T15:32:00+00:00,2958.44,netbanking,DEV_USER_80,False,IN,IN,IN,1010,0,2311.24
TXN_00167,2026-08-01T15:34:00+00:00,13086.6,card,DEV_LEGIT_TRAVEL_28,True,SG,IN,IN,699,3,19252.8
TXN_00168,2026-08-01T15:36:00+00:00,4982.45,wallet,DEV_USER_40,False,IN,IN,IN,354,2,4734.02
TXN_00169,2026-08-01T15:38:00+00:00,5443.27,card,DEV_USER_114,False,IN,IN,IN,934,0,5591.38
TXN_00170,2026-08-01T15:40:00+00:00,6488.13,wallet,DEV_USER_50,False,IN,IN,IN,917,1,7886.65
TXN_00171,2026-08-01T15:42:00+00:00,4072.96,wallet,DEV_USER_42,False,IN,IN,IN,298,1,2613.8
TXN_00172,2026-08-01T15:44:00+00:00,3032.58,UPI,DEV_USER_183,False,IN,IN,IN,598,0,3670.92
TXN_00173,2026-08-01T15:46:00+00:00,7251.92,card,DEV_USER_112,True,IN,IN,IN,938,1,9749.32
TXN_00174,2026-08-01T15:48:00+00:00,3231.99,netbanking,DEV_USER_61,False,IN,IN,,474,0,2763.18
TXN_00175,2026-08-01T15:50:00+00:00,9147.04,netbanking,DEV_GEO_5,False,US,IN,,49,2,4710.89
TXN_00176,2026-08-01T15:52:00+00:00,6665.77,wallet,DEV_USER_115,False,IN,IN,IN,53,1,5149.47
TXN_00177,2026-08-01T15:54:00+00:00,47609.04,card,DEV_LEGIT_TRAVEL_20,True,US,IN,IN,613,3,21194.93
TXN_00178,2026-08-01T15:56:00+00:00,1062.6,card,DEV_USER_108,False,IN,IN,IN,143,0,1348.81
TXN_00179,2026-08-01T15:58:00+00:00,4334.82,card,DEV_USER_184,False,IN,IN,IN,737,0,4579.87
TXN_00180,2026-08-01T16:00:00+00:00,5378.9,netbanking,DEV_USER_18,False,IN,IN,IN,1054,2,3314.84
TXN_00181,2026-08-01T16:02:00+00:00,443.92,wallet,DEV_USER_96,False,IN,IN,,153,1,351.98
TXN_00182,2026-08-01T16:04:00+00:00,918.94,netbanking,DEV_USER_35,True,IN,IN,IN,373,2,892.93
TXN_00183,2026-08-01T16:06:00+00:00,5090.71,card,DEV_USER_17,False,IN,IN,IN,90,1,3875.42
TXN_00184,2026-08-01T16:08:00+00:00,7097.74,netbanking,DEV_USER_80,False,IN,IN,IN,1127,1,5697.01
TXN_00185,2026-08-01T16:10:00+00:00,1609.72,netbanking,DEV_USER_200,True,IN,IN,IN,574,0,1995.21
TXN_00186,2026-08-01T16:12:00+00:00,3260.17,wallet,DEV_USER_99,False,IN,IN,,1033,1,4366.83
TXN_00187,2026-08-01T16:14:00+00:00,6429.07,wallet,DEV_USER_21,False,IN,IN,IN,384,2,5368.36
TXN_00188,2026-08-01T16:16:00+00:00,23116.8,card,DEV_LEGIT_TRAVEL_10,True,AE,IN,IN,636,6,10832.96
TXN_00189,2026-08-01T16:18:00+00:00,3632.32,netbanking,DEV_USER_158,False,IN,IN,IN,132,0,4129.76
TXN_00190,2026-08-01T16:20:00+00:00,4153.38,card,DEV_USER_8,False,IN,IN,IN,912,0,2911.45
TXN_00191,2026-08-01T16:22:00+00:00,5196.79,netbanking,DEV_USER_99,False,IN,IN,,329,2,4988.6
TXN_00192,2026-08-01T16:24:00+00:00,3607.12,UPI,DEV_USER_147,False,IN,IN,IN,658,2,2968.49
TXN_00193,2026-08-01T16:26:00+00:00,304.72,card,DEV_USER_128,False,IN,IN,IN,256,1,371.75
TXN_00194,2026-08-01T16:28:00+00:00,1795.11,netbanking,DEV_USER_178,False,IN,IN,IN,266,0,2301.8
TXN_00195,2026-08-01T16:30:00+00:00,7199.56,wallet,DEV_USER_23,False,IN,IN,IN,669,2,6320.78
TXN_00196,2026-08-01T16:32:00+00:00,39397.71,card,DEV_AMBIG_6,True,IN,IN,IN,32,2,2017.51
TXN_00197,2026-08-01T16:34:00+00:00,18039.21,card,DEV_LEGIT_TRAVEL_5,True,SG,IN,IN,989,6,8446.83
TXN_00198,2026-08-01T16:36:00+00:00,3014.4,card,DEV_USER_157,False,IN,IN,,830,2,3542.21
TXN_00199,2026-08-01T16:38:00+00:00,6176.4,UPI,DEV_USER_33,False,IN,IN,IN,936,1,7066.34
TXN_00200,2026-08-01T16:40:00+00:00,7035.89,card,DEV_USER_197,False,IN,IN,IN,128,0,7137.78
TXN_00201,2026-08-01T16:42:00+00:00,1379.54,card,DEV_USER_89,False,IN,IN,IN,596,0,1104.3
TXN_00202,2026-08-01T16:44:00+00:00,4451.65,card,DEV_USER_161,False,IN,IN,IN,1044,2,3271.56
TXN_00203,2026-08-01T16:46:00+00:00,1318.13,netbanking,DEV_USER_145,True,IN,IN,IN,181,0,1791.12
TXN_00204,2026-08-01T16:48:00+00:00,2190.78,card,DEV_USER_197,False,IN,IN,IN,77,1,2872.55
TXN_00205,2026-08-01T16:50:00+00:00,5171.07,netbanking,DEV_USER_124,False,IN,IN,IN,846,1,4978.89
TXN_00206,2026-08-01T16:52:00+00:00,1348.84,wallet,DEV_USER_124,False,IN,IN,IN,309,1,1738.91
TXN_00207,2026-08-01T16:54:00+00:00,7905.38,netbanking,DEV_USER_103,False,IN,IN,IN,1165,0,6761.41
TXN_00208,2026-08-01T16:56:00+00:00,2213.03,card,DEV_USER_37,True,IN,IN,IN,801,2,2068.09
TXN_00209,2026-08-01T16:58:00+00:00,7228.26,netbanking,DEV_USER_148,False,IN,IN,,341,1,10096.26
TXN_00210,2026-08-01T17:00:00+00:00,7044.7,wallet,DEV_USER_6,True,IN,IN,IN,951,0,5439.32
TXN_00211,2026-08-01T17:02:00+00:00,499.27,wallet,DEV_USER_153,False,IN,IN,IN,978,1,513.92
TXN_00212,2026-08-01T17:04:00+00:00,3504.33,netbanking,DEV_USER_187,False,IN,IN,IN,107,1,2246.02
TXN_00213,2026-08-01T17:06:00+00:00,2963.94,netbanking,DEV_USER_19,False,IN,IN,IN,1141,1,3735.3
TXN_00214,2026-08-01T17:08:00+00:00,4927.24,card,DEV_USER_25,False,IN,IN,IN,709,2,6657.48
TXN_00215,2026-08-01T17:10:00+00:00,1672.56,wallet,DEV_USER_129,True,IN,IN,,697,1,1698.43
TXN_00216,2026-08-01T17:12:00+00:00,45725.27,card,DEV_LEGIT_TRAVEL_5,True,AE,IN,IN,807,5,10762.53
TXN_00217,2026-08-01T17:14:00+00:00,5940.62,netbanking,DEV_USER_152,False,IN,IN,IN,1105,1,6932.66
TXN_00218,2026-08-01T17:16:00+00:00,6544.42,netbanking,DEV_USER_85,False,IN,IN,IN,645,2,8492.56
TXN_00219,2026-08-01T17:18:00+00:00,4815.59,netbanking,DEV_USER_168,False,IN,IN,IN,1197,0,5668.53
TXN_00220,2026-08-01T17:20:00+00:00,1447.05,wallet,DEV_USER_38,False,IN,IN,IN,1187,2,995.45
TXN_00221,2026-08-01T17:22:00+00:00,17547.7,card,DEV_FRAUD_7,True,SG,IN,US,5,7,733.49
TXN_00222,2026-08-01T17:24:00+00:00,7372.12,UPI,DEV_USER_181,False,IN,IN,IN,680,2,7244.56
TXN_00223,2026-08-01T17:26:00+00:00,7657.82,wallet,DEV_USER_137,False,IN,IN,IN,556,2,7560.9
TXN_00224,2026-08-01T17:28:00+00:00,2304.15,netbanking,DEV_USER_58,False,IN,IN,IN,606,2,1764.57
TXN_00225,2026-08-01T17:30:00+00:00,2604.62,netbanking,DEV_USER_144,False,IN,IN,IN,575,1,1816.72
TXN_00226,2026-08-01T17:32:00+00:00,3099.58,wallet,DEV_USER_89,False,IN,IN,IN,609,0,2572.97
TXN_00227,2026-08-01T17:34:00+00:00,2836.27,wallet,DEV_USER_168,False,IN,IN,IN,428,2,2316.97
TXN_00228,2026-08-01T17:36:00+00:00,2245.81,UPI,DEV_USER_158,False,IN,IN,IN,118,2,2973.78
TXN_00229,2026-08-01T17:38:00+00:00,1939.41,UPI,DEV_USER_106,False,IN,IN,IN,296,0,2660.12
TXN_00230,2026-08-01T17:40:00+00:00,1347.73,wallet,DEV_USER_123,False,IN,IN,IN,603,1,1116.37
TXN_00231,2026-08-01T17:42:00+00:00,49592.62,UPI,DEV_AMBIG_18,True,IN,IN,IN,14,1,1835.77
TXN_00232,2026-08-01T17:44:00+00:00,7477.99,UPI,DEV_USER_102,False,IN,IN,,607,0,4542.23
TXN_00233,2026-08-01T17:46:00+00:00,947.68,netbanking,DEV_USER_73,False,IN,IN,IN,1088,1,1242.8
TXN_00234,2026-08-01T17:48:00+00:00,30168.51,card,DEV_LEGIT_TRAVEL_9,True,SG,IN,IN,295,5,10762.4
TXN_00235,2026-08-01T17:50:00+00:00,2132.39,card,DEV_USER_4,False,IN,IN,IN,1177,2,2571.29
TXN_00236,2026-08-01T17:52:00+00:00,6863.56,wallet,DEV_USER_110,False,IN,IN,,210,0,9508.42
TXN_00237,2026-08-01T17:54:00+00:00,7493.02,UPI,DEV_USER_67,False,IN,IN,IN,561,1,6305.8
TXN_00238,2026-08-01T17:56:00+00:00,190.34,netbanking,DEV_USER_178,False,IN,IN,IN,968,1,138.52
TXN_00239,2026-08-01T17:58:00+00:00,7392.54,netbanking,DEV_USER_177,False,IN,IN,IN,619,1,8070.44
TXN_00240,2026-08-01T18:00:00+00:00,1155.19,card,DEV_USER_117,False,IN,IN,IN,866,2,1200.69
TXN_00241,2026-08-01T18:02:00+00:00,4346.39,card,DEV_USER_196,False,IN,IN,IN,182,2,4161.23
TXN_00242,2026-08-01T18:04:00+00:00,717.01,UPI,DEV_USER_16,False,IN,IN,IN,429,2,738.04
TXN_00243,2026-08-01T18:06:00+00:00,6850.44,wallet,DEV_USER_30,False,IN,IN,IN,1016,0,9036.49
TXN_00244,2026-08-01T18:08:00+00:00,539.52,card,DEV_USER_132,False,IN,IN,IN,1159,1,614.09
TXN_00245,2026-08-01T18:10:00+00:00,271.99,netbanking,DEV_USER_1,False,IN,IN,IN,107,1,238.16
TXN_00246,2026-08-01T18:12:00+00:00,59735.56,UPI,DEV_AMBIG_16,True,IN,IN,IN,14,2,1817.73
TXN_00247,2026-08-01T18:14:00+00:00,6150.04,wallet,DEV_USER_96,False,IN,IN,IN,788,1,4084.86
TXN_00248,2026-08-01T18:16:00+00:00,7008.97,card,DEV_USER_168,False,IN,IN,,1115,1,7170.7
TXN_00249,2026-08-01T18:18:00+00:00,1859.25,UPI,DEV_USER_194,True,IN,IN,IN,1130,1,1906.75
TXN_00250,2026-08-01T18:20:00+00:00,2055.35,netbanking,DEV_USER_40,False,IN,IN,IN,246,0,2564.22
TXN_00251,2026-08-01T18:22:00+00:00,6151.82,UPI,DEV_USER_62,False,IN,IN,,83,1,6633.06
TXN_00252,2026-08-01T18:24:00+00:00,484.54,UPI,DEV_USER_103,False,IN,IN,IN,130,0,486.05
TXN_00253,2026-08-01T18:26:00+00:00,6544.71,netbanking,DEV_USER_148,False,IN,IN,IN,671,0,5506.79
TXN_00254,2026-08-01T18:28:00+00:00,36408.5,card,DEV_LEGIT_TRAVEL_8,True,AE,IN,IN,487,5,9036.28
TXN_00255,2026-08-01T18:30:00+00:00,7049.74,card,DEV_USER_161,False,IN,IN,IN,111,1,9540.2
TXN_00256,2026-08-01T18:32:00+00:00,6307.86,netbanking,DEV_USER_179,False,IN,IN,,785,0,7591.72
TXN_00257,2026-08-01T18:34:00+00:00,6809.79,netbanking,DEV_USER_182,False,IN,IN,IN,133,2,6334.07
TXN_00258,2026-08-01T18:36:00+00:00,4286.94,wallet,DEV_USER_63,False,IN,IN,IN,176,1,5477.45
TXN_00259,2026-08-01T18:38:00+00:00,9245.85,card,DEV_GEO_2,False,GB,IN,,223,3,3617.39
TXN_00260,2026-08-01T18:40:00+00:00,7911.37,card,DEV_FRAUD_8,True,SG,IN,US,1,9,594.14
TXN_00261,2026-08-01T18:42:00+00:00,1773.28,card,DEV_USER_190,False,IN,IN,IN,995,0,2050.8
TXN_00262,2026-08-01T18:44:00+00:00,3233.39,card,DEV_USER_142,False,IN,IN,IN,969,2,3618.09
TXN_00263,2026-08-01T18:46:00+00:00,2941.19,wallet,DEV_USER_120,True,IN,IN,IN,976,1,3916.09
TXN_00264,2026-08-01T18:48:00+00:00,3370.05,card,DEV_USER_190,False,IN,IN,IN,870,1,2432.94
TXN_00265,2026-08-01T18:50:00+00:00,3100.73,card,DEV_USER_128,False,IN,IN,IN,706,1,3754.02
TXN_00266,2026-08-01T18:52:00+00:00,5816.11,wallet,DEV_USER_118,False,IN,IN,IN,361,0,6841.2
TXN_00267,2026-08-01T18:54:00+00:00,7343.51,UPI,DEV_USER_135,True,IN,IN,IN,114,0,6828.83
TXN_00268,2026-08-01T18:56:00+00:00,1928.32,card,DEV_USER_3,False,IN,IN,IN,138,2,2140.79
TXN_00269,2026-08-01T18:58:00+00:00,7310.74,wallet,DEV_USER_5,True,IN,IN,IN,39,0,7482.79
TXN_00270,2026-08-01T19:00:00+00:00,7822.09,UPI,DEV_USER_129,False,IN,IN,IN,382,0,10438.1
TXN_00271,2026-08-01T19:02:00+00:00,2003.65,netbanking,DEV_USER_91,False,IN,IN,IN,779,1,1937.93
TXN_00272,2026-08-01T19:04:00+00:00,5608.17,netbanking,DEV_USER_176,False,IN,IN,,79,0,5183.2
TXN_00273,2026-08-01T19:06:00+00:00,3860.44,UPI,DEV_USER_180,False,IN,IN,IN,903,2,4738.69
TXN_00274,2026-08-01T19:08:00+00:00,6877.89,UPI,DEV_USER_136,False,IN,IN,IN,1175,1,5618.38
TXN_00275,2026-08-01T19:10:00+00:00,5506.99,netbanking,DEV_USER_140,False,IN,IN,,659,0,7540.03
TXN_00276,2026-08-01T19:12:00+00:00,6042.81,wallet,DEV_USER_20,False,IN,IN,IN,1175,1,6898.64
TXN_00277,2026-08-01T19:14:00+00:00,3132.39,card,DEV_USER_177,False,IN,IN,IN,723,0,2124.23
TXN_00278,2026-08-01T19:16:00+00:00,700.54,wallet,DEV_USER_199,False,IN,IN,IN,937,1,548.18
TXN_00279,2026-08-01T19:18:00+00:00,3065.87,card,DEV_USER_175,False,IN,IN,IN,619,0,3588.56
TXN_00280,2026-08-01T19:20:00+00:00,3542.21,card,DEV_GEO_13,False,GB,IN,,214,1,1820.32
TXN_00281,2026-08-01T19:22:00+00:00,3613.41,netbanking,DEV_USER_27,False,IN,IN,,934,2,3771.65
TXN_00282,2026-08-01T19:24:00+00:00,307.47,netbanking,DEV_USER_142,True,IN,IN,IN,679,1,187.52
TXN_00283,2026-08-01T19:26:00+00:00,6255.44,card,DEV_USER_147,False,IN,IN,IN,362,0,5099.03
TXN_00284,2026-08-01T19:28:00+00:00,1252.89,card,DEV_USER_112,False,IN,IN,IN,172,1,1004.02
TXN_00285,2026-08-01T19:30:00+00:00,5037.77,card,DEV_USER_118,False,IN,IN,IN,825,1,6414.55
TXN_00286,2026-08-01T19:32:00+00:00,6911.37,wallet,DEV_USER_86,False,IN,IN,IN,293,1,5919.81
TXN_00287,2026-08-01T19:34:00+00:00,1686.73,netbanking,DEV_USER_46,False,IN,IN,IN,611,2,1949.8
TXN_00288,2026-08-01T19:36:00+00:00,4649.45,card,DEV_USER_84,False,IN,IN,IN,819,1,3213.28
TXN_00289,2026-08-01T19:38:00+00:00,4778.59,card,DEV_USER_175,False,IN,IN,,960,2,3668.61
TXN_00290,2026-08-01T19:40:00+00:00,6667.13,UPI,DEV_USER_105,False,IN,IN,,635,0,5348.01
TXN_00291,2026-08-01T19:42:00+00:00,3442.71,wallet,DEV_USER_19,False,IN,IN,IN,835,2,3460.92
TXN_00292,2026-08-01T19:44:00+00:00,5564.5,UPI,DEV_USER_93,False,IN,IN,IN,189,0,6761.78
TXN_00293,2026-08-01T19:46:00+00:00,2904.57,UPI,DEV_USER_145,False,IN,IN,IN,833,1,3986.74
TXN_00294,2026-08-01T19:48:00+00:00,183.33,netbanking,DEV_USER_57,False,IN,IN,IN,1193,0,175.38
TXN_00295,2026-08-01T19:50:00+00:00,6201.5,card,DEV_USER_89,False,IN,IN,IN,620,1,8287.92
TXN_00296,2026-08-01T19:52:00+00:00,10313.18,card,DEV_GEO_12,False,GB,IN,,205,2,4244.94
TXN_00297,2026-08-01T19:54:00+00:00,2851.57,UPI,DEV_USER_113,False,IN,IN,IN,152,1,1812.88
TXN_00298,2026-08-01T19:56:00+00:00,278.42,netbanking,DEV_USER_166,False,IN,IN,IN,514,2,205.91
TXN_00299,2026-08-01T19:58:00+00:00,4522.81,wallet,DEV_USER_60,False,IN,IN,IN,396,2,5091.99
TXN_00300,2026-08-01T20:00:00+00:00,5925.37,card,DEV_USER_116,False,IN,IN,IN,454,0,4874.66
TXN_00301,2026-08-01T20:02:00+00:00,6388.46,UPI,DEV_USER_138,False,IN,IN,IN,952,0,5173.9
TXN_00302,2026-08-01T20:04:00+00:00,4268.95,netbanking,DEV_USER_153,False,IN,IN,IN,248,1,3763.45
TXN_00303,2026-08-01T20:06:00+00:00,1462.97,netbanking,DEV_USER_158,False,IN,IN,IN,656,0,1157.0
TXN_00304,2026-08-01T20:08:00+00:00,24932.24,card,DEV_LEGIT_TRAVEL_5,True,US,IN,IN,577,6,18139.24
TXN_00305,2026-08-01T20:10:00+00:00,3442.01,wallet,DEV_USER_163,False,IN,IN,IN,369,2,2524.69
TXN_00306,2026-08-01T20:12:00+00:00,1578.08,wallet,DEV_USER_159,True,IN,IN,IN,34,1,1119.22
TXN_00307,2026-08-01T20:14:00+00:00,7714.25,wallet,DEV_USER_105,False,IN,IN,IN,924,1,5660.74
TXN_00308,2026-08-01T20:16:00+00:00,6387.46,card,DEV_USER_75,True,IN,IN,IN,606,0,7822.03
TXN_00309,2026-08-01T20:18:00+00:00,6203.13,wallet,DEV_USER_141,False,IN,IN,IN,563,2,7807.42
TXN_00310,2026-08-01T20:20:00+00:00,6598.63,UPI,DEV_USER_195,False,IN,IN,IN,885,0,7844.39
TXN_00311,2026-08-01T20:22:00+00:00,2055.5,UPI,DEV_USER_116,False,IN,IN,IN,193,1,2656.18
TXN_00312,2026-08-01T20:24:00+00:00,42475.56,card,DEV_LEGIT_TRAVEL_7,True,US,IN,IN,782,5,22637.83
TXN_00313,2026-08-01T20:26:00+00:00,3482.52,card,DEV_USER_53,False,IN,IN,IN,1182,1,3572.45
TXN_00314,2026-08-01T20:28:00+00:00,1430.18,netbanking,DEV_USER_75,False,IN,IN,IN,1068,2,1790.79
TXN_00315,2026-08-01T20:30:00+00:00,40003.77,card,DEV_LEGIT_TRAVEL_14,True,SG,IN,IN,463,4,19924.25
TXN_00316,2026-08-01T20:32:00+00:00,15849.74,card,DEV_LEGIT_TRAVEL_11,True,SG,IN,IN,959,6,16320.8
TXN_00317,2026-08-01T20:34:00+00:00,2222.87,wallet,DEV_USER_97,False,IN,IN,IN,205,1,2250.64
TXN_00318,2026-08-01T20:36:00+00:00,7497.06,netbanking,DEV_USER_117,False,IN,IN,IN,20,2,5056.87
TXN_00319,2026-08-01T20:38:00+00:00,5115.24,netbanking,DEV_USER_17,False,IN,IN,IN,894,0,5093.61
TXN_00320,2026-08-01T20:40:00+00:00,2340.39,card,DEV_USER_145,False,IN,IN,IN,114,0,1590.67
TXN_00321,2026-08-01T20:42:00+00:00,3730.7,UPI,DEV_USER_41,False,IN,IN,,891,0,5210.13
TXN_00322,2026-08-01T20:44:00+00:00,7068.97,netbanking,DEV_USER_41,False,IN,IN,IN,206,2,6279.71
TXN_00323,2026-08-01T20:46:00+00:00,8645.09,card,DEV_GEO_2,False,GB,IN,,350,2,4040.96
TXN_00324,2026-08-01T20:48:00+00:00,3490.92,UPI,DEV_USER_181,True,IN,IN,IN,174,0,3752.54
TXN_00325,2026-08-01T20:50:00+00:00,3616.03,UPI,DEV_USER_179,False,IN,IN,,879,2,2551.98
TXN_00326,2026-08-01T20:52:00+00:00,5830.7,UPI,DEV_GEO_4,False,GB,IN,,218,2,1979.95
TXN_00327,2026-08-01T20:54:00+00:00,6049.95,card,DEV_USER_165,False,IN,IN,,1101,2,3670.99
TXN_00328,2026-08-01T20:56:00+00:00,3576.79,card,DEV_USER_161,False,IN,IN,IN,921,0,2394.13
TXN_00329,2026-08-01T20:58:00+00:00,40097.83,card,DEV_LEGIT_TRAVEL_19,True,US,IN,IN,573,5,24375.23
TXN_00330,2026-08-01T21:00:00+00:00,1204.66,netbanking,DEV_USER_166,True,IN,IN,IN,598,2,748.65
TXN_00331,2026-08-01T21:02:00+00:00,7019.03,card,DEV_USER_133,False,IN,IN,,817,1,7839.81
TXN_00332,2026-08-01T21:04:00+00:00,6370.85,card,DEV_USER_127,False,IN,IN,IN,160,2,8352.05
TXN_00333,2026-08-01T21:06:00+00:00,19443.93,netbanking,DEV_FRAUD_3,True,SG,IN,US,3,10,675.04
TXN_00334,2026-08-01T21:08:00+00:00,6125.53,UPI,DEV_USER_5,False,IN,IN,,456,0,8196.35
TXN_00335,2026-08-01T21:10:00+00:00,3244.0,netbanking,DEV_USER_161,False,IN,IN,IN,882,2,2990.39
TXN_00336,2026-08-01T21:12:00+00:00,4347.48,card,DEV_USER_72,True,IN,IN,,431,0,4474.04
TXN_00337,2026-08-01T21:14:00+00:00,5110.92,UPI,DEV_USER_80,False,IN,IN,IN,503,0,4066.17
TXN_00338,2026-08-01T21:16:00+00:00,1016.29,UPI,DEV_USER_80,False,IN,IN,IN,374,0,620.07
TXN_00339,2026-08-01T21:18:00+00:00,10454.02,card,DEV_LEGIT_TRAVEL_16,True,AE,IN,IN,715,5,10838.37
TXN_00340,2026-08-01T21:20:00+00:00,41244.96,card,DEV_LEGIT_TRAVEL_9,True,US,IN,IN,300,3,13695.19
TXN_00341,2026-08-01T21:22:00+00:00,4238.45,netbanking,DEV_USER_183,False,IN,IN,IN,1031,1,4275.01
TXN_00342,2026-08-01T21:24:00+00:00,53671.19,UPI,DEV_AMBIG_12,True,IN,IN,IN,30,2,2546.66
TXN_00343,2026-08-01T21:26:00+00:00,5425.55,UPI,DEV_USER_59,False,IN,IN,,40,0,3454.91
TXN_00344,2026-08-01T21:28:00+00:00,7369.79,card,DEV_USER_10,False,IN,IN,IN,873,0,6319.16
TXN_00345,2026-08-01T21:30:00+00:00,5790.27,netbanking,DEV_USER_20,False,IN,IN,,122,0,4508.0
TXN_00346,2026-08-01T21:32:00+00:00,462.84,wallet,DEV_USER_18,False,IN,IN,IN,651,1,309.69
TXN_00347,2026-08-01T21:34:00+00:00,3014.46,netbanking,DEV_USER_145,False,IN,IN,IN,511,1,2696.79
TXN_00348,2026-08-01T21:36:00+00:00,7982.52,card,DEV_USER_188,False,IN,IN,IN,517,0,4830.24
TXN_00349,2026-08-01T21:38:00+00:00,1940.68,netbanking,DEV_USER_163,False,IN,IN,IN,701,0,2342.68
TXN_00350,2026-08-01T21:40:00+00:00,5930.85,netbanking,DEV_USER_27,False,IN,IN,IN,874,1,8119.03
TXN_00351,2026-08-01T21:42:00+00:00,1224.75,netbanking,DEV_USER_24,True,IN,IN,IN,1079,1,1421.54
TXN_00352,2026-08-01T21:44:00+00:00,7798.98,UPI,DEV_USER_149,True,IN,IN,,822,0,8372.33
TXN_00353,2026-08-01T21:46:00+00:00,44809.98,UPI,DEV_AMBIG_8,True,IN,IN,IN,47,2,2701.83
TXN_00354,2026-08-01T21:48:00+00:00,3204.33,netbanking,DEV_USER_82,False,IN,IN,IN,430,0,3921.94
TXN_00355,2026-08-01T21:50:00+00:00,1327.74,card,DEV_USER_116,False,IN,IN,IN,1112,1,1821.27
TXN_00356,2026-08-01T21:52:00+00:00,2535.63,netbanking,DEV_USER_31,True,IN,IN,IN,638,2,2935.0
TXN_00357,2026-08-01T21:54:00+00:00,52616.61,card,DEV_AMBIG_5,True,IN,IN,IN,21,1,2936.8
TXN_00358,2026-08-01T21:56:00+00:00,486.71,netbanking,DEV_USER_67,False,IN,IN,,843,1,508.5
TXN_00359,2026-08-01T21:58:00+00:00,848.33,UPI,DEV_USER_36,False,IN,IN,,470,0,643.46
TXN_00360,2026-08-01T22:00:00+00:00,5521.65,UPI,DEV_USER_150,False,IN,IN,IN,168,0,7717.77
TXN_00361,2026-08-01T22:02:00+00:00,5203.3,card,DEV_USER_24,False,IN,IN,IN,694,0,3299.71
TXN_00362,2026-08-01T22:04:00+00:00,1427.11,wallet,DEV_USER_186,False,IN,IN,,888,0,1260.36
TXN_00363,2026-08-01T22:06:00+00:00,2272.36,wallet,DEV_USER_39,True,IN,IN,IN,518,2,1899.88
TXN_00364,2026-08-01T22:08:00+00:00,4450.44,UPI,DEV_USER_23,False,IN,IN,,423,2,5819.94
TXN_00365,2026-08-01T22:10:00+00:00,5082.96,UPI,DEV_USER_98,False,IN,IN,IN,1130,1,4448.75
TXN_00366,2026-08-01T22:12:00+00:00,2640.67,netbanking,DEV_USER_47,True,IN,IN,IN,75,1,1708.18
TXN_00367,2026-08-01T22:14:00+00:00,4282.52,card,DEV_USER_41,False,IN,IN,IN,560,2,5366.12
TXN_00368,2026-08-01T22:16:00+00:00,541.68,card,DEV_USER_148,False,IN,IN,IN,741,0,401.32
TXN_00369,2026-08-01T22:18:00+00:00,6469.06,netbanking,DEV_USER_152,True,IN,IN,IN,1177,2,4616.85
TXN_00370,2026-08-01T22:20:00+00:00,6709.91,wallet,DEV_USER_139,False,IN,IN,IN,199,0,5274.65
TXN_00371,2026-08-01T22:22:00+00:00,4258.94,UPI,DEV_USER_85,False,IN,IN,IN,282,1,4998.08
TXN_00372,2026-08-01T22:24:00+00:00,6769.84,netbanking,DEV_USER_16,True,IN,IN,IN,305,0,8646.34
TXN_00373,2026-08-01T22:26:00+00:00,7688.41,netbanking,DEV_USER_181,False,IN,IN,IN,221,1,6469.12
TXN_00374,2026-08-01T22:28:00+00:00,16300.16,card,DEV_LEGIT_TRAVEL_14,True,US,IN,IN,678,5,10961.45
TXN_00375,2026-08-01T22:30:00+00:00,5579.13,netbanking,DEV_USER_58,False,IN,IN,IN,789,1,6623.52
TXN_00376,2026-08-01T22:32:00+00:00,1503.9,UPI,DEV_USER_180,False,IN,IN,IN,1177,0,1121.41
TXN_00377,2026-08-01T22:34:00+00:00,6489.57,card,DEV_USER_164,False,IN,IN,IN,303,1,7763.31
TXN_00378,2026-08-01T22:36:00+00:00,7860.8,card,DEV_USER_163,False,IN,IN,,702,1,4788.14
TXN_00379,2026-08-01T22:38:00+00:00,5576.09,netbanking,DEV_USER_66,False,IN,IN,IN,113,1,5300.5
TXN_00380,2026-08-01T22:40:00+00:00,1414.07,wallet,DEV_USER_127,False,IN,IN,IN,783,0,1786.03
TXN_00381,2026-08-01T22:42:00+00:00,4666.64,card,DEV_USER_42,False,IN,IN,IN,83,1,2874.94
TXN_00382,2026-08-01T22:44:00+00:00,927.33,netbanking,DEV_USER_44,False,IN,IN,,168,2,1255.11
TXN_00383,2026-08-01T22:46:00+00:00,2769.81,wallet,DEV_USER_181,True,IN,IN,IN,352,2,3633.44
TXN_00384,2026-08-01T22:48:00+00:00,899.94,card,DEV_USER_49,False,IN,IN,IN,1121,1,1015.56
TXN_00385,2026-08-01T22:50:00+00:00,857.74,wallet,DEV_USER_147,False,IN,IN,IN,126,1,517.26
TXN_00386,2026-08-01T22:52:00+00:00,10238.97,wallet,DEV_GEO_7,False,US,IN,,43,1,2097.91
TXN_00387,2026-08-01T22:54:00+00:00,747.3,UPI,DEV_USER_79,False,IN,IN,IN,557,0,832.11
TXN_00388,2026-08-01T22:56:00+00:00,3031.06,wallet,DEV_USER_95,False,IN,IN,,915,1,2457.34
TXN_00389,2026-08-01T22:58:00+00:00,4557.55,card,DEV_USER_193,False,IN,IN,,719,2,4243.94
TXN_00390,2026-08-01T23:00:00+00:00,1897.35,UPI,DEV_USER_100,False,IN,IN,IN,1111,2,2454.25
TXN_00391,2026-08-01T23:02:00+00:00,7065.07,wallet,DEV_USER_77,True,IN,IN,IN,86,2,7467.61
TXN_00392,2026-08-01T23:04:00+00:00,4614.73,card,DEV_USER_31,False,IN,IN,IN,357,0,5753.5
TXN_00393,2026-08-01T23:06:00+00:00,26935.0,card,DEV_LEGIT_TRAVEL_22,True,AE,IN,IN,386,4,22179.84
TXN_00394,2026-08-01T23:08:00+00:00,7295.36,UPI,DEV_USER_23,False,IN,IN,IN,682,1,7410.27
TXN_00395,2026-08-01T23:10:00+00:00,197.67,wallet,DEV_USER_29,False,IN,IN,,220,0,207.58
TXN_00396,2026-08-01T23:12:00+00:00,21443.71,card,DEV_LEGIT_TRAVEL_18,True,AE,IN,IN,600,5,14511.74
TXN_00397,2026-08-01T23:14:00+00:00,4910.8,UPI,DEV_USER_45,False,IN,IN,,837,0,4501.41
TXN_00398,2026-08-01T23:16:00+00:00,5555.06,UPI,DEV_USER_191,False,IN,IN,IN,777,0,4834.53
TXN_00399,2026-08-01T23:18:00+00:00,2556.5,wallet,DEV_USER_179,False,IN,IN,IN,481,0,2148.44
TXN_00400,2026-08-01T23:20:00+00:00,6214.84,netbanking,DEV_USER_69,False,IN,IN,IN,197,0,5925.06
TXN_00401,2026-08-01T23:22:00+00:00,3316.65,wallet,DEV_USER_195,False,IN,IN,IN,130,2,4090.07
TXN_00402,2026-08-01T23:24:00+00:00,46930.62,card,DEV_AMBIG_5,True,IN,IN,IN,77,1,1347.47
TXN_00403,2026-08-01T23:26:00+00:00,1685.74,UPI,DEV_USER_64,True,IN,IN,,753,2,1279.96
TXN_00404,2026-08-01T23:28:00+00:00,3767.33,wallet,DEV_USER_163,False,IN,IN,IN,510,1,3733.53
TXN_00405,2026-08-01T23:30:00+00:00,7688.11,wallet,DEV_USER_151,False,IN,IN,IN,544,2,9723.12
TXN_00406,2026-08-01T23:32:00+00:00,2274.5,UPI,DEV_GEO_6,False,AE,IN,,139,1,3765.83
TXN_00407,2026-08-01T23:34:00+00:00,2225.76,wallet,DEV_USER_132,True,IN,IN,IN,33,1,2958.51
TXN_00408,2026-08-01T23:36:00+00:00,4849.02,UPI,DEV_USER_58,False,IN,IN,IN,640,2,6660.71
TXN_00409,2026-08-01T23:38:00+00:00,3448.07,wallet,DEV_USER_90,False,IN,IN,IN,633,2,3505.0
TXN_00410,2026-08-01T23:40:00+00:00,4717.45,UPI,DEV_USER_131,False,IN,IN,IN,781,2,5273.51
TXN_00411,2026-08-01T23:42:00+00:00,2457.96,UPI,DEV_USER_124,True,IN,IN,IN,680,1,1988.29
TXN_00412,2026-08-01T23:44:00+00:00,7149.75,netbanking,DEV_USER_49,False,IN,IN,IN,131,2,6601.21
TXN_00413,2026-08-01T23:46:00+00:00,1205.44,UPI,DEV_USER_168,False,IN,IN,IN,872,1,1097.7
TXN_00414,2026-08-01T23:48:00+00:00,33322.76,card,DEV_FRAUD_6,True,SG,IN,US,5,7,1092.21
TXN_00415,2026-08-01T23:50:00+00:00,3858.31,netbanking,DEV_USER_130,False,IN,IN,,1158,0,3221.79
TXN_00416,2026-08-01T23:52:00+00:00,5953.26,card,DEV_USER_175,False,IN,IN,IN,470,1,4635.58
TXN_00417,2026-08-01T23:54:00+00:00,3421.73,netbanking,DEV_USER_96,False,IN,IN,IN,256,1,2199.97
TXN_00418,2026-08-01T23:56:00+00:00,4684.47,UPI,DEV_USER_121,False,IN,IN,IN,796,2,3928.79
TXN_00419,2026-08-01T23:58:00+00:00,53440.79,UPI,DEV_AMBIG_7,True,IN,IN,IN,53,2,2974.38
TXN_00420,2026-08-02T00:00:00+00:00,7894.53,card,DEV_USER_81,False,IN,IN,,180,1,6837.48
TXN_00421,2026-08-02T00:02:00+00:00,2575.97,UPI,DEV_USER_2,False,IN,IN,IN,360,2,3121.01
TXN_00422,2026-08-02T00:04:00+00:00,6132.2,UPI,DEV_USER_34,False,IN,IN,IN,841,1,8414.99
TXN_00423,2026-08-02T00:06:00+00:00,398.03,card,DEV_USER_188,False,IN,IN,,674,2,299.5
TXN_00424,2026-08-02T00:08:00+00:00,5050.83,card,DEV_USER_58,False,IN,IN,IN,279,0,4580.3
TXN_00425,2026-08-02T00:10:00+00:00,1419.46,UPI,DEV_USER_77,False,IN,IN,IN,1080,2,1446.85
TXN_00426,2026-08-02T00:12:00+00:00,5525.56,card,DEV_USER_88,False,IN,IN,IN,400,0,7506.29
TXN_00427,2026-08-02T00:14:00+00:00,3286.79,card,DEV_USER_58,False,IN,IN,,59,2,3298.97
TXN_00428,2026-08-02T00:16:00+00:00,38444.4,card,DEV_LEGIT_TRAVEL_26,True,SG,IN,IN,564,5,21111.24
TXN_00429,2026-08-02T00:18:00+00:00,4792.0,UPI,DEV_USER_170,False,IN,IN,IN,113,2,3319.09
TXN_00430,2026-08-02T00:20:00+00:00,1076.4,netbanking,DEV_USER_122,False,IN,IN,IN,34,1,1008.26
TXN_00431,2026-08-02T00:22:00+00:00,30812.37,card,DEV_LEGIT_TRAVEL_20,True,US,IN,IN,897,4,15120.04
TXN_00432,2026-08-02T00:24:00+00:00,4141.52,UPI,DEV_USER_73,False,IN,IN,,421,2,3146.72
TXN_00433,2026-08-02T00:26:00+00:00,4232.85,card,DEV_USER_92,False,IN,IN,IN,95,2,4220.51
TXN_00434,2026-08-02T00:28:00+00:00,7471.68,netbanking,DEV_USER_61,True,IN,IN,IN,241,2,8481.98
TXN_00435,2026-08-02T00:30:00+00:00,13603.31,card,DEV_LEGIT_TRAVEL_17,True,SG,IN,IN,920,3,23381.25
TXN_00436,2026-08-02T00:32:00+00:00,3708.33,netbanking,DEV_USER_68,False,IN,IN,,372,0,4753.33
TXN_00437,2026-08-02T00:34:00+00:00,5446.46,wallet,DEV_USER_190,False,IN,IN,IN,108,0,6980.18
TXN_00438,2026-08-02T00:36:00+00:00,1447.05,netbanking,DEV_USER_113,False,IN,IN,IN,205,1,1811.67
TXN_00439,2026-08-02T00:38:00+00:00,3266.14,wallet,DEV_USER_70,False,IN,IN,IN,994,1,3655.06
TXN_00440,2026-08-02T00:40:00+00:00,993.15,UPI,DEV_USER_41,False,IN,IN,IN,1003,2,1134.89
TXN_00441,2026-08-02T00:42:00+00:00,3100.03,netbanking,DEV_USER_157,True,IN,IN,IN,282,1,4142.63
TXN_00442,2026-08-02T00:44:00+00:00,26451.37,card,DEV_LEGIT_TRAVEL_2,True,SG,IN,IN,447,5,8210.12
TXN_00443,2026-08-02T00:46:00+00:00,4246.06,card,DEV_USER_172,False,IN,IN,IN,210,1,4795.38
TXN_00444,2026-08-02T00:48:00+00:00,2831.42,wallet,DEV_USER_39,False,IN,IN,IN,126,0,3156.24
TXN_00445,2026-08-02T00:50:00+00:00,6805.88,wallet,DEV_USER_43,True,IN,IN,IN,508,1,9365.68
TXN_00446,2026-08-02T00:52:00+00:00,25021.79,card,DEV_AMBIG_13,True,IN,IN,IN,40,1,1918.19
TXN_00447,2026-08-02T00:54:00+00:00,3639.98,wallet,DEV_USER_115,False,IN,IN,IN,51,0,3358.8
TXN_00448,2026-08-02T00:56:00+00:00,26963.95,card,DEV_FRAUD_10,True,SG,IN,US,4,8,1357.14
TXN_00449,2026-08-02T00:58:00+00:00,5271.31,wallet,DEV_USER_88,False,IN,IN,,471,1,4562.73
TXN_00450,2026-08-02T01:00:00+00:00,4839.61,netbanking,DEV_USER_184,False,IN,IN,,469,0,4225.39
TXN_00451,2026-08-02T01:02:00+00:00,7719.03,netbanking,DEV_USER_141,False,IN,IN,IN,108,0,7672.24
TXN_00452,2026-08-02T01:04:00+00:00,5965.84,wallet,DEV_USER_28,False,IN,IN,,262,1,4608.44
TXN_00453,2026-08-02T01:06:00+00:00,1605.57,netbanking,DEV_USER_28,False,IN,IN,,267,1,1550.84
TXN_00454,2026-08-02T01:08:00+00:00,4083.16,wallet,DEV_USER_2,False,IN,IN,,901,2,4027.41
TXN_00455,2026-08-02T01:10:00+00:00,7377.18,card,DEV_USER_178,False,IN,IN,IN,277,0,6712.68
TXN_00456,2026-08-02T01:12:00+00:00,7073.3,wallet,DEV_USER_108,False,IN,IN,IN,523,1,6495.38
TXN_00457,2026-08-02T01:14:00+00:00,2423.97,card,DEV_USER_36,False,IN,IN,IN,1064,1,3089.25
TXN_00458,2026-08-02T01:16:00+00:00,2579.9,card,DEV_USER_52,False,IN,IN,IN,722,2,1821.76
TXN_00459,2026-08-02T01:18:00+00:00,7803.92,card,DEV_USER_129,False,IN,IN,IN,251,1,8192.74
TXN_00460,2026-08-02T01:20:00+00:00,7547.12,wallet,DEV_USER_173,False,IN,IN,IN,600,1,9408.57
TXN_00461,2026-08-02T01:22:00+00:00,299.65,card,DEV_USER_14,False,IN,IN,,344,1,343.61
TXN_00462,2026-08-02T01:24:00+00:00,12481.31,card,DEV_LEGIT_TRAVEL_26,True,AE,IN,IN,388,3,14097.6
TXN_00463,2026-08-02T01:26:00+00:00,4967.26,card,DEV_USER_191,False,IN,IN,IN,1061,2,4123.38
TXN_00464,2026-08-02T01:28:00+00:00,7419.23,wallet,DEV_USER_107,False,IN,IN,IN,655,2,4770.87
TXN_00465,2026-08-02T01:30:00+00:00,1704.39,wallet,DEV_USER_58,False,IN,IN,IN,768,2,1767.95
TXN_00466,2026-08-02T01:32:00+00:00,6231.56,card,DEV_USER_76,False,IN,IN,IN,167,0,8537.11
TXN_00467,2026-08-02T01:34:00+00:00,1042.9,UPI,DEV_USER_110,False,IN,IN,IN,344,2,1331.59
TXN_00468,2026-08-02T01:36:00+00:00,23653.25,card,DEV_FRAUD_1,True,SG,IN,US,1,9,975.94
TXN_00469,2026-08-02T01:38:00+00:00,5040.4,netbanking,DEV_USER_126,False,IN,IN,IN,164,2,4305.95
TXN_00470,2026-08-02T01:40:00+00:00,1552.57,UPI,DEV_USER_130,False,IN,IN,IN,841,0,1365.52
TXN_00471,2026-08-02T01:42:00+00:00,5340.34,netbanking,DEV_USER_93,False,IN,IN,IN,1101,1,7462.08
TXN_00472,2026-08-02T01:44:00+00:00,7850.95,UPI,DEV_USER_30,False,IN,IN,IN,514,0,8997.51
TXN_00473,2026-08-02T01:46:00+00:00,7335.87,UPI,DEV_USER_99,False,IN,IN,IN,65,2,9226.23
TXN_00474,2026-08-02T01:48:00+00:00,6442.25,wallet,DEV_USER_125,True,IN,IN,IN,409,1,6513.86
TXN_00475,2026-08-02T01:50:00+00:00,1422.42,UPI,DEV_USER_161,True,IN,IN,IN,451,2,1336.18
TXN_00476,2026-08-02T01:52:00+00:00,31510.17,card,DEV_LEGIT_TRAVEL_23,True,US,IN,IN,973,6,18991.54
TXN_00477,2026-08-02T01:54:00+00:00,6000.44,card,DEV_USER_7,False,IN,IN,IN,194,0,3860.77
TXN_00478,2026-08-02T01:56:00+00:00,4508.87,card,DEV_USER_67,False,IN,IN,IN,843,1,3846.62
TXN_00479,2026-08-02T01:58:00+00:00,1034.62,UPI,DEV_USER_165,False,IN,IN,,108,2,1322.87
TXN_00480,2026-08-02T02:00:00+00:00,4072.41,netbanking,DEV_USER_176,False,IN,IN,,911,1,3730.7
TXN_00481,2026-08-02T02:02:00+00:00,3844.5,card,DEV_USER_35,False,IN,IN,IN,1132,1,5259.69
TXN_00482,2026-08-02T02:04:00+00:00,37091.56,card,DEV_LEGIT_TRAVEL_30,True,US,IN,IN,843,5,24275.66
TXN_00483,2026-08-02T02:06:00+00:00,39990.68,card,DEV_FRAUD_2,True,SG,IN,US,0,4,944.53
TXN_00484,2026-08-02T02:08:00+00:00,4425.45,UPI,DEV_USER_79,False,IN,IN,IN,719,0,4116.22
TXN_00485,2026-08-02T02:10:00+00:00,4149.17,card,DEV_USER_48,False,IN,IN,IN,412,0,3091.49
TXN_00486,2026-08-02T02:12:00+00:00,6832.78,wallet,DEV_USER_166,False,IN,IN,IN,152,1,4636.46
TXN_00487,2026-08-02T02:14:00+00:00,3948.8,netbanking,DEV_USER_92,False,IN,IN,IN,219,1,4326.36
TXN_00488,2026-08-02T02:16:00+00:00,2610.51,wallet,DEV_USER_85,False,IN,IN,IN,327,2,2750.14
TXN_00489,2026-08-02T02:18:00+00:00,7673.41,card,DEV_USER_2,False,IN,IN,IN,908,1,9761.25
TXN_00490,2026-08-02T02:20:00+00:00,39318.91,card,DEV_LEGIT_TRAVEL_29,True,AE,IN,IN,653,6,14098.61
TXN_00491,2026-08-02T02:22:00+00:00,4458.21,card,DEV_USER_166,False,IN,IN,IN,301,2,3375.51
TXN_00492,2026-08-02T02:24:00+00:00,5050.29,UPI,DEV_USER_5,False,IN,IN,IN,1200,1,6137.92
TXN_00493,2026-08-02T02:26:00+00:00,389.58,netbanking,DEV_USER_140,False,IN,IN,IN,319,1,356.08
TXN_00494,2026-08-02T02:28:00+00:00,4757.85,netbanking,DEV_USER_35,False,IN,IN,IN,827,1,4766.1
TXN_00495,2026-08-02T02:30:00+00:00,6799.06,card,DEV_USER_194,False,IN,IN,IN,381,2,9239.71
TXN_00496,2026-08-02T02:32:00+00:00,7745.11,wallet,DEV_USER_92,True,IN,IN,IN,489,0,6285.05
TXN_00497,2026-08-02T02:34:00+00:00,5381.83,netbanking,DEV_USER_100,False,IN,IN,IN,110,0,7450.99
TXN_00498,2026-08-02T02:36:00+00:00,5659.52,netbanking,DEV_USER_190,False,IN,IN,IN,371,1,6355.3
TXN_00499,2026-08-02T02:38:00+00:00,5261.36,UPI,DEV_USER_133,False,IN,IN,IN,471,2,4865.04
TXN_00500,2026-08-02T02:40:00+00:00,2825.76,wallet,DEV_USER_155,True,IN,IN,IN,915,0,2215.37
TXN_00501,2026-08-02T02:42:00+00:00,2318.4,card,DEV_USER_48,False,IN,IN,IN,257,2,1818.27
TXN_00502,2026-08-02T02:44:00+00:00,5790.02,wallet,DEV_USER_173,False,IN,IN,IN,345,2,7334.17
TXN_00503,2026-08-02T02:46:00+00:00,6725.77,card,DEV_FRAUD_3,True,SG,IN,US,5,12,250.95
TXN_00504,2026-08-02T02:48:00+00:00,541.7,netbanking,DEV_USER_47,False,IN,IN,IN,1169,2,333.09
TXN_00505,2026-08-02T02:50:00+00:00,5327.79,netbanking,DEV_USER_22,False,IN,IN,IN,980,1,3923.67
TXN_00506,2026-08-02T02:52:00+00:00,4846.63,card,DEV_USER_160,False,IN,IN,IN,716,1,5220.92
TXN_00507,2026-08-02T02:54:00+00:00,32019.51,UPI,DEV_AMBIG_4,True,IN,IN,IN,12,1,2045.42
TXN_00508,2026-08-02T02:56:00+00:00,5506.51,card,DEV_USER_156,True,IN,IN,IN,94,2,5521.18
TXN_00509,2026-08-02T02:58:00+00:00,29289.64,card,DEV_LEGIT_TRAVEL_5,True,US,IN,IN,732,3,23248.47
TXN_00510,2026-08-02T03:00:00+00:00,5228.93,wallet,DEV_USER_95,False,IN,IN,IN,893,0,7062.91
TXN_00511,2026-08-02T03:02:00+00:00,6172.51,netbanking,DEV_USER_151,False,IN,IN,IN,1194,0,5804.58
TXN_00512,2026-08-02T03:04:00+00:00,6150.29,UPI,DEV_USER_73,False,IN,IN,IN,542,0,3717.08
TXN_00513,2026-08-02T03:06:00+00:00,156.2,UPI,DEV_USER_134,True,IN,IN,IN,661,1,138.99
TXN_00514,2026-08-02T03:08:00+00:00,5247.45,netbanking,DEV_USER_67,False,IN,IN,IN,763,2,4305.26
TXN_00515,2026-08-02T03:10:00+00:00,6064.28,wallet,DEV_USER_142,False,IN,IN,IN,773,2,6330.68
TXN_00516,2026-08-02T03:12:00+00:00,2522.56,netbanking,DEV_USER_199,False,IN,IN,IN,258,2,1977.23
TXN_00517,2026-08-02T03:14:00+00:00,7599.04,UPI,DEV_USER_55,False,IN,IN,IN,1142,2,8797.0
TXN_00518,2026-08-02T03:16:00+00:00,1369.83,UPI,DEV_USER_24,False,IN,IN,IN,906,0,892.12
TXN_00519,2026-08-02T03:18:00+00:00,732.31,UPI,DEV_USER_186,False,IN,IN,IN,1082,1,856.28
TXN_00520,2026-08-02T03:20:00+00:00,7571.16,card,DEV_USER_164,False,IN,IN,,1076,1,5722.26
TXN_00521,2026-08-02T03:22:00+00:00,4133.33,card,DEV_USER_158,False,IN,IN,,504,2,2480.95
TXN_00522,2026-08-02T03:24:00+00:00,7974.86,wallet,DEV_USER_91,False,IN,IN,IN,425,2,4882.95
TXN_00523,2026-08-02T03:26:00+00:00,7361.5,netbanking,DEV_USER_186,False,IN,IN,IN,727,1,10089.89
TXN_00524,2026-08-02T03:28:00+00:00,4890.27,card,DEV_USER_117,False,IN,IN,IN,549,0,4526.96
TXN_00525,2026-08-02T03:30:00+00:00,12895.44,card,DEV_LEGIT_TRAVEL_10,True,AE,IN,IN,299,5,22893.92
TXN_00526,2026-08-02T03:32:00+00:00,4641.66,wallet,DEV_USER_97,False,IN,IN,IN,710,1,5315.98
TXN_00527,2026-08-02T03:34:00+00:00,6909.98,wallet,DEV_USER_30,False,IN,IN,IN,466,2,8022.08
TXN_00528,2026-08-02T03:36:00+00:00,3358.17,netbanking,DEV_USER_133,False,IN,IN,IN,554,0,2786.72
TXN_00529,2026-08-02T03:38:00+00:00,6015.43,netbanking,DEV_USER_20,False,IN,IN,,657,1,4661.07
TXN_00530,2026-08-02T03:40:00+00:00,1544.0,card,DEV_USER_128,False,IN,IN,IN,510,1,1181.81
TXN_00531,2026-08-02T03:42:00+00:00,2072.59,netbanking,DEV_USER_40,False,IN,IN,,175,2,2828.31
TXN_00532,2026-08-02T03:44:00+00:00,152.33,UPI,DEV_USER_124,False,IN,IN,IN,1191,1,151.21
TXN_00533,2026-08-02T03:46:00+00:00,7336.45,netbanking,DEV_USER_102,False,IN,IN,IN,125,2,9092.91
TXN_00534,2026-08-02T03:48:00+00:00,4372.07,netbanking,DEV_USER_101,False,IN,IN,IN,951,0,5065.46
TXN_00535,2026-08-02T03:50:00+00:00,5544.76,UPI,DEV_USER_173,False,IN,IN,IN,681,1,6045.02
TXN_00536,2026-08-02T03:52:00+00:00,4433.65,card,DEV_USER_69,False,IN,IN,IN,764,0,4429.29
TXN_00537,2026-08-02T03:54:00+00:00,5635.63,netbanking,DEV_USER_94,False,IN,IN,IN,383,2,3972.62
TXN_00538,2026-08-02T03:56:00+00:00,1905.68,UPI,DEV_USER_185,False,IN,IN,IN,900,1,1442.31
TXN_00539,2026-08-02T03:58:00+00:00,5934.48,wallet,DEV_USER_3,False,IN,IN,IN,1073,2,6981.61
TXN_00540,2026-08-02T04:00:00+00:00,2470.27,UPI,DEV_USER_102,True,IN,IN,,456,1,2423.91
TXN_00541,2026-08-02T04:02:00+00:00,3653.85,netbanking,DEV_USER_67,False,IN,IN,IN,542,1,2250.29
TXN_00542,2026-08-02T04:04:00+00:00,44694.74,card,DEV_LEGIT_TRAVEL_20,True,SG,IN,IN,770,4,24649.34
TXN_00543,2026-08-02T04:06:00+00:00,2668.21,wallet,DEV_USER_199,False,IN,IN,IN,795,2,2212.53
TXN_00544,2026-08-02T04:08:00+00:00,1244.3,card,DEV_USER_164,False,IN,IN,IN,1185,1,1591.61
TXN_00545,2026-08-02T04:10:00+00:00,3619.99,card,DEV_GEO_11,False,GB,IN,,364,2,3986.52
TXN_00546,2026-08-02T04:12:00+00:00,3224.1,wallet,DEV_USER_200,False,IN,IN,IN,1081,1,3002.25
TXN_00547,2026-08-02T04:14:00+00:00,282.5,card,DEV_USER_170,False,IN,IN,IN,178,0,207.22
TXN_00548,2026-08-02T04:16:00+00:00,12551.7,card,DEV_LEGIT_TRAVEL_29,True,AE,IN,IN,741,3,8448.2
TXN_00549,2026-08-02T04:18:00+00:00,6143.47,UPI,DEV_USER_27,False,IN,IN,,813,1,4813.32
TXN_00550,2026-08-02T04:20:00+00:00,3600.97,card,DEV_USER_34,False,IN,IN,,86,2,3188.56
TXN_00551,2026-08-02T04:22:00+00:00,6927.51,wallet,DEV_USER_139,False,IN,IN,IN,291,2,7145.24
TXN_00552,2026-08-02T04:24:00+00:00,3706.69,wallet,DEV_USER_135,False,IN,IN,IN,726,1,3824.32
TXN_00553,2026-08-02T04:26:00+00:00,3590.7,netbanking,DEV_USER_106,False,IN,IN,IN,15,2,4496.65
TXN_00554,2026-08-02T04:28:00+00:00,2816.69,wallet,DEV_USER_137,True,IN,IN,IN,992,1,1710.59
TXN_00555,2026-08-02T04:30:00+00:00,2414.09,card,DEV_USER_2,False,IN,IN,,1163,1,2210.83
TXN_00556,2026-08-02T04:32:00+00:00,5923.23,wallet,DEV_USER_97,False,IN,IN,,505,2,7176.77
TXN_00557,2026-08-02T04:34:00+00:00,6479.84,netbanking,DEV_USER_73,False,IN,IN,IN,565,1,4862.48
TXN_00558,2026-08-02T04:36:00+00:00,21148.08,UPI,DEV_AMBIG_15,True,IN,IN,IN,89,2,1544.27
TXN_00559,2026-08-02T04:38:00+00:00,1583.54,UPI,DEV_USER_39,True,IN,IN,IN,395,0,1307.52
TXN_00560,2026-08-02T04:40:00+00:00,27536.67,card,DEV_LEGIT_TRAVEL_1,True,SG,IN,IN,272,4,8250.32
TXN_00561,2026-08-02T04:42:00+00:00,3419.92,wallet,DEV_USER_96,False,IN,IN,IN,691,0,4359.84
TXN_00562,2026-08-02T04:44:00+00:00,542.7,wallet,DEV_USER_19,False,IN,IN,,527,1,685.21
TXN_00563,2026-08-02T04:46:00+00:00,40725.83,card,DEV_LEGIT_TRAVEL_8,True,AE,IN,IN,969,6,12201.76
TXN_00564,2026-08-02T04:48:00+00:00,1673.52,UPI,DEV_USER_134,False,IN,IN,IN,811,2,2291.0
TXN_00565,2026-08-02T04:50:00+00:00,1353.03,UPI,DEV_USER_191,False,IN,IN,IN,533,1,1502.97
TXN_00566,2026-08-02T04:52:00+00:00,7111.4,card,DEV_USER_29,False,IN,IN,IN,45,0,8786.22
TXN_00567,2026-08-02T04:54:00+00:00,3226.89,card,DEV_USER_3,False,IN,IN,IN,988,2,3475.26
TXN_00568,2026-08-02T04:56:00+00:00,806.89,card,DEV_USER_128,True,IN,IN,IN,137,0,713.62
TXN_00569,2026-08-02T04:58:00+00:00,4337.19,UPI,DEV_USER_33,False,IN,IN,IN,1158,2,5227.87
TXN_00570,2026-08-02T05:00:00+00:00,3565.88,card,DEV_USER_6,False,IN,IN,IN,290,1,4703.15
TXN_00571,2026-08-02T05:02:00+00:00,3556.25,netbanking,DEV_USER_139,False,IN,IN,,397,2,3122.86
TXN_00572,2026-08-02T05:04:00+00:00,2275.06,card,DEV_USER_18,False,IN,IN,IN,554,2,2033.2
TXN_00573,2026-08-02T05:06:00+00:00,30521.04,netbanking,DEV_FRAUD_3,True,SG,IN,US,0,9,1208.82
TXN_00574,2026-08-02T05:08:00+00:00,5795.93,wallet,DEV_USER_49,False,IN,IN,IN,1144,0,6320.06
TXN_00575,2026-08-02T05:10:00+00:00,5163.14,UPI,DEV_USER_25,False,IN,IN,,280,0,6705.86
TXN_00576,2026-08-02T05:12:00+00:00,3934.43,UPI,DEV_USER_9,False,IN,IN,IN,1018,2,4324.63
TXN_00577,2026-08-02T05:14:00+00:00,487.78,card,DEV_USER_156,False,IN,IN,,442,2,484.43
TXN_00578,2026-08-02T05:16:00+00:00,731.66,UPI,DEV_USER_93,False,IN,IN,IN,866,1,903.89
TXN_00579,2026-08-02T05:18:00+00:00,42762.0,UPI,DEV_AMBIG_3,True,IN,IN,IN,48,1,2889.21
TXN_00580,2026-08-02T05:20:00+00:00,867.24,card,DEV_USER_137,False,IN,IN,,524,2,954.19
TXN_00581,2026-08-02T05:22:00+00:00,6018.64,wallet,DEV_USER_192,False,IN,IN,IN,748,2,5819.88
TXN_00582,2026-08-02T05:24:00+00:00,7074.31,card,DEV_USER_47,False,IN,IN,IN,338,2,9895.17
TXN_00583,2026-08-02T05:26:00+00:00,2883.36,netbanking,DEV_USER_141,False,IN,IN,IN,776,1,3492.75
TXN_00584,2026-08-02T05:28:00+00:00,5834.35,card,DEV_USER_145,False,IN,IN,IN,1141,2,4686.57
TXN_00585,2026-08-02T05:30:00+00:00,3635.25,wallet,DEV_USER_1,False,IN,IN,IN,48,2,2574.01
TXN_00586,2026-08-02T05:32:00+00:00,151.89,card,DEV_USER_55,False,IN,IN,,580,2,153.26
TXN_00587,2026-08-02T05:34:00+00:00,4615.73,UPI,DEV_USER_10,False,IN,IN,,557,1,6054.45
TXN_00588,2026-08-02T05:36:00+00:00,2124.33,netbanking,DEV_USER_24,False,IN,IN,IN,460,2,1405.8
TXN_00589,2026-08-02T05:38:00+00:00,3912.01,wallet,DEV_USER_177,False,IN,IN,IN,210,2,4357.21
TXN_00590,2026-08-02T05:40:00+00:00,37333.65,netbanking,DEV_FRAUD_2,True,SG,IN,US,0,9,652.31
TXN_00591,2026-08-02T05:42:00+00:00,3390.52,UPI,DEV_USER_198,False,IN,IN,IN,38,2,4142.99
TXN_00592,2026-08-02T05:44:00+00:00,2507.79,UPI,DEV_USER_82,False,IN,IN,,1043,2,1947.64
TXN_00593,2026-08-02T05:46:00+00:00,47921.04,card,DEV_AMBIG_15,True,IN,IN,IN,86,1,1444.17
TXN_00594,2026-08-02T05:48:00+00:00,3215.15,card,DEV_USER_87,True,IN,IN,IN,115,2,2955.86
TXN_00595,2026-08-02T05:50:00+00:00,7018.23,card,DEV_GEO_5,False,GB,IN,,316,1,3207.51
TXN_00596,2026-08-02T05:52:00+00:00,1649.18,card,DEV_USER_63,True,IN,IN,IN,677,2,2208.76
TXN_00597,2026-08-02T05:54:00+00:00,8717.48,wallet,DEV_GEO_12,False,GB,IN,,127,2,2705.84
TXN_00598,2026-08-02T05:56:00+00:00,6180.48,card,DEV_USER_90,False,IN,IN,IN,920,2,4429.27
TXN_00599,2026-08-02T05:58:00+00:00,51817.74,UPI,DEV_AMBIG_12,True,IN,IN,IN,29,1,1224.74
TXN_00600,2026-08-02T06:00:00+00:00,57702.34,UPI,DEV_AMBIG_10,True,IN,IN,IN,11,2,2387.59
